Method,Novelty (%),Structural,Compositional,Recall,Precision,$\rho$,$E$,# Elements,S.U.N. (%),Novel Template (%),P1 (%),Space Group,S.S.U.N. (%)
WyckoffTransformer,92.49249249249249,99.89177489177489,77.38095238095238,98.91774891774891,96.81090193874684,0.8061634517595186,0.06582626519672577,0.07638197394973506,39.73973973973974,40.54054054054054,1.4084507042253522,0.2197196141940702,39.23923923923924
WyCryst,61.267605633802816,99.83579638752053,77.33990147783251,99.01477832512316,93.39702163529081,1.044806139011774,0.07250540347100808,0.02935339983141333,43.25955734406438,31.790744466800803,4.111842105263158,0.6902122063657452,41.85110663983903
